"BROKEN","EPIC","FAILED","FEATURE","PASSED","SKIPPED","STORY","UNKNOWN"
"0","","0","MWE_RS_026 - Sort By Filter in My Work List","1","0","","0"
"0","","0","MWE_RS_050  - After refreshing environment synchronization screen appears","1","0","","0"
"0","","0","MWE_RS_023 - Clear Local Data of application","1","0","","0"
"0","","0","MWE_RS_027- View Application Details","1","0","","0"
"0","","0","MWE_RS_063 - View Assigned Work Orders and Navigate the App","1","0","","0"
"0","","0","MWE_RS_002 - Start and Pause Work Order","1","0","","0"
"0","","0","MWE_RS_030 - Application Navigation Test","1","0","","0"
"0","","0","MWE_RS_001 - Login and Logout from the Application","1","0","","0"
"1","","0","MWE_RS_051 - The orange indicator should not appear in the Workflow History tab if the update is more than one day old","0","0","","0"
